--
-- PostgreSQL database dump
--

-- Dumped from database version 15.1
-- Dumped by pg_dump version 15.1

SET statement_timeout = 0;
SET lock_timeout = 0;
SET idle_in_transaction_session_timeout = 0;
SET client_encoding = 'UTF8';
SET standard_conforming_strings = on;
SELECT pg_catalog.set_config('search_path', '', false);
SET check_function_bodies = false;
SET xmloption = content;
SET client_min_messages = warning;
SET row_security = off;

SET default_tablespace = '';

SET default_table_access_method = heap;

--
-- Name: subject; Type: TABLE; Schema: public; Owner: postgres
--

CREATE TABLE public.subject (
    id integer NOT NULL,
    subject_name character varying
);


ALTER TABLE public.subject OWNER TO postgres;

--
-- Name: subject_id_seq; Type: SEQUENCE; Schema: public; Owner: postgres
--

CREATE SEQUENCE public.subject_id_seq
    AS integer
    START WITH 1
    INCREMENT BY 1
    NO MINVALUE
    NO MAXVALUE
    CACHE 1;


ALTER TABLE public.subject_id_seq OWNER TO postgres;

--
-- Name: subject_id_seq; Type: SEQUENCE OWNED BY; Schema: public; Owner: postgres
--

ALTER SEQUENCE public.subject_id_seq OWNED BY public.subject.id;


--
-- Name: teacher; Type: TABLE; Schema: public; Owner: postgres
--

CREATE TABLE public.teacher (
    id integer NOT NULL,
    full_name character varying,
    subject integer
);


ALTER TABLE public.teacher OWNER TO postgres;

--
-- Name: teacher_id_seq; Type: SEQUENCE; Schema: public; Owner: postgres
--

CREATE SEQUENCE public.teacher_id_seq
    AS integer
    START WITH 1
    INCREMENT BY 1
    NO MINVALUE
    NO MAXVALUE
    CACHE 1;


ALTER TABLE public.teacher_id_seq OWNER TO postgres;

--
-- Name: teacher_id_seq; Type: SEQUENCE OWNED BY; Schema: public; Owner: postgres
--

ALTER SEQUENCE public.teacher_id_seq OWNED BY public.teacher.id;


--
-- Name: timetable; Type: TABLE; Schema: public; Owner: postgres
--

CREATE TABLE public.timetable (
    id integer NOT NULL,
    day character varying,
    subject integer,
    room_numb character varying,
    start_time time without time zone,
    end_time time without time zone,
    week integer
);


ALTER TABLE public.timetable OWNER TO postgres;

--
-- Name: timetable_id_seq; Type: SEQUENCE; Schema: public; Owner: postgres
--

CREATE SEQUENCE public.timetable_id_seq
    AS integer
    START WITH 1
    INCREMENT BY 1
    NO MINVALUE
    NO MAXVALUE
    CACHE 1;


ALTER TABLE public.timetable_id_seq OWNER TO postgres;

--
-- Name: timetable_id_seq; Type: SEQUENCE OWNED BY; Schema: public; Owner: postgres
--

ALTER SEQUENCE public.timetable_id_seq OWNED BY public.timetable.id;


--
-- Name: subject id; Type: DEFAULT; Schema: public; Owner: postgres
--

ALTER TABLE ONLY public.subject ALTER COLUMN id SET DEFAULT nextval('public.subject_id_seq'::regclass);


--
-- Name: teacher id; Type: DEFAULT; Schema: public; Owner: postgres
--

ALTER TABLE ONLY public.teacher ALTER COLUMN id SET DEFAULT nextval('public.teacher_id_seq'::regclass);


--
-- Name: timetable id; Type: DEFAULT; Schema: public; Owner: postgres
--

ALTER TABLE ONLY public.timetable ALTER COLUMN id SET DEFAULT nextval('public.timetable_id_seq'::regclass);


--
-- Data for Name: subject; Type: TABLE DATA; Schema: public; Owner: postgres
--

COPY public.subject (id, subject_name) FROM stdin;
1	Введение в информационные технологии
2	Иностранный язык
3	Игровые виды спорта
4	Высшая математика
5	Физика
6	История
7	Математические основы баз данных
8	Проектный практикум
9	Основы Devops
10	Нет пар
\.


--
-- Data for Name: teacher; Type: TABLE DATA; Schema: public; Owner: postgres
--

COPY public.teacher (id, full_name, subject) FROM stdin;
1	кафедраа ИНО	2
2	Симкачева Т.В	3
3	Шаймарданова Л.К	4
4	Вальковский	5
5	Фулертов Ю.М	1
6	Скляр Л.Н	6
7	Полищук Ю.В	7
8	Потапченко Т.Д	8
9	Липатов В.Н	9
10	 	\N
11	 	10
\.


--
-- Data for Name: timetable; Type: TABLE DATA; Schema: public; Owner: postgres
--

COPY public.timetable (id, day, subject, room_numb, start_time, end_time, week) FROM stdin;
1	Вторник	2	H-405	11:20:00	12:55:00	1
2	Вторник	3	H-С/ЗАЛ	13:10:00	14:45:00	1
3	Среда	4	Н-514	13:10:00	14:45:00	1
4	Среда	5	Н-226	15:25:00	17:00:00	1
5	Среда	3	Н-С/Зал	17:15:00	18:50:00	1
6	Четверг	1	А-Л-208	13:10:00	14:45:00	1
7	Четверг	1	А-Л-203	15:25:00	17:00:00	1
8	Пятница	6	Н-227	09:30:00	11:05:00	1
9	Пятница	7	Н-535	11:20:00	12:55:00	1
10	Пятница	4	Н-314	13:10:00	14:45:00	1
11	Пятница	4	Н-314	15:25:00	17:00:00	1
12	Понедельник	10	 	00:00:00	00:00:00	1
13	Понедельник	4	H-514	11:20:00	12:55:00	0
14	Понедельник	3	H-С/Зал	13:10:00	14:45:00	0
15	Вторник	10	 	00:00:00	00:00:00	0
16	Среда	1	А-Л-205	09:30:00	11:05:00	0
17	Среда	9	А-УЛК-6	11:20:00	12:55:00	0
18	Четверг	5	Н-332а	09:30:00	11:05:00	0
19	Четверг	5	Н-332а	11:20:00	12:55:00	0
20	Четверг	6	Н-318	13:10:00	14:45:00	0
21	Четверг	7	Н-404	15:25:00	17:00:00	0
22	Пятница	3	Н-С/Зал	11:20:00	12:55:00	0
23	Пятница	2	кафедра ИНО	13:10:00	14:45:00	0
24	Пятница	6	Н-318	15:25:00	17:00:00	0
\.


--
-- Name: subject_id_seq; Type: SEQUENCE SET; Schema: public; Owner: postgres
--

SELECT pg_catalog.setval('public.subject_id_seq', 10, true);


--
-- Name: teacher_id_seq; Type: SEQUENCE SET; Schema: public; Owner: postgres
--

SELECT pg_catalog.setval('public.teacher_id_seq', 11, true);


--
-- Name: timetable_id_seq; Type: SEQUENCE SET; Schema: public; Owner: postgres
--

SELECT pg_catalog.setval('public.timetable_id_seq', 24, true);


--
-- Name: subject subject_pkey; Type: CONSTRAINT; Schema: public; Owner: postgres
--

ALTER TABLE ONLY public.subject
    ADD CONSTRAINT subject_pkey PRIMARY KEY (id);


--
-- Name: teacher teacher_pkey; Type: CONSTRAINT; Schema: public; Owner: postgres
--

ALTER TABLE ONLY public.teacher
    ADD CONSTRAINT teacher_pkey PRIMARY KEY (id);


--
-- Name: timetable timetable_pkey; Type: CONSTRAINT; Schema: public; Owner: postgres
--

ALTER TABLE ONLY public.timetable
    ADD CONSTRAINT timetable_pkey PRIMARY KEY (id);


--
-- Name: teacher teacher_subject_fkey; Type: FK CONSTRAINT; Schema: public; Owner: postgres
--

ALTER TABLE ONLY public.teacher
    ADD CONSTRAINT teacher_subject_fkey FOREIGN KEY (subject) REFERENCES public.subject(id);


--
-- Name: timetable timetable_subject_fkey; Type: FK CONSTRAINT; Schema: public; Owner: postgres
--

ALTER TABLE ONLY public.timetable
    ADD CONSTRAINT timetable_subject_fkey FOREIGN KEY (subject) REFERENCES public.subject(id);


--
-- PostgreSQL database dump complete
--

